round,train_logloss,valid_logloss
1,0.3492980918457178,0.34928159462129044
2,0.34744201892524756,0.3473716876896037
3,0.34560465092259135,0.3455580429155696
4,0.3438598805052015,0.3438106465162641
5,0.34216341318959487,0.3421467379776535
6,0.3405508263175417,0.3405483675361739
7,0.33906361761450127,0.3390383105428769
8,0.3375905595452304,0.33757959348945543
9,0.33610753838144675,0.33609274013025037
10,0.3347481641783618,0.3347233731932051
11,0.3334225968879531,0.3333906315331374
12,0.332172820158769,0.33210819155709354
13,0.3309087167354612,0.33086836614972187
14,0.3296806523489242,0.32963242564617923
15,0.32848373985924456,0.3284403212808623
16,0.3273417895392616,0.327322286067373
17,0.32622142771219875,0.3261920700345589
18,0.3251438509741625,0.3251007313637766
19,0.3241045197393669,0.32403712749194175
20,0.32309897590475295,0.3229901296922632
21,0.32208511260089523,0.32198588723738863
22,0.3212074863060922,0.32108947935774274
23,0.320301433665461,0.3201542272432996
24,0.3193628318699048,0.31923824726112904
25,0.31850705906170285,0.31836900170474536
26,0.31763658302999837,0.31749563372741635
27,0.3167782909013015,0.3166307331872341
28,0.315941112353192,0.3158037107485825
29,0.31513966068907856,0.31501154002673876
30,0.3143780174904746,0.31425339335236996
31,0.31361499911032187,0.3134798751706947
32,0.31286161208488494,0.3126980975264191
33,0.31212325944567787,0.31195488648260206
34,0.3114090065310682,0.3112353455594054
35,0.310700609318327,0.3105014429169059
36,0.31002394774042263,0.3098310338903263
37,0.3093522099720514,0.30914764987818744
38,0.3087285470800164,0.3085528042439186
39,0.30809672453307924,0.3079038396029407
40,0.3075777972665721,0.30738777886032237
41,0.30696017005576265,0.3067802004885409
42,0.3063526556915925,0.30616881391180795
43,0.3057972801874006,0.3056285714923738
44,0.30520716495499084,0.3050202519109933
45,0.3046231669736969,0.3044287712415603
46,0.3040707588248341,0.3038933926706845
47,0.30353721078582546,0.3033457616047224
48,0.3029992138787116,0.30280242381081973
49,0.30247614284588487,0.30228627647032247
50,0.3019653013052325,0.30177703045505083
51,0.301470977570156,0.3012916369536705
52,0.3009943907643574,0.3007943764682622
53,0.30051145659051304,0.30031721605048145
54,0.300052222511986,0.2998555024960975
55,0.2996061182890856,0.2993904454125752
56,0.29917034578168145,0.2989369457552806
57,0.29875223730994244,0.2985521924729955
58,0.298316819083142,0.29811490377519906
59,0.29789095148879396,0.2976903578780904
60,0.2974739698892012,0.297287946577584
61,0.2970554585308224,0.29687186912487123
62,0.29667827301173827,0.2964808259599413
63,0.29628047686017267,0.2960701060856574
64,0.2959009151318056,0.2956597057817374
65,0.29553866104613413,0.2952898017959347
66,0.2951827053206978,0.29493197278708927
67,0.2948277990281795,0.29456271546158463
68,0.29445830587207783,0.29419099168175084
69,0.2941150540913953,0.2938450434740364
70,0.2937730960018806,0.2935005491672926
71,0.29344300741855395,0.293193143755175
72,0.29311266327414365,0.29284917908555713
73,0.29280233319644167,0.29254062393896235
74,0.2924848515112379,0.29220259237994173
75,0.29217579848473424,0.29188139728138124
76,0.29187033171409893,0.2915692291303465
77,0.29157722377317324,0.29129147422961205
78,0.29128613867495917,0.2909997142523061
79,0.2909921217769727,0.29069549896802743
80,0.29071895906307177,0.2904357688584292
81,0.2904243745347617,0.29014732103190866
82,0.2901520924588206,0.28983912045890897
83,0.2898841501591554,0.2895726015964767
84,0.2896160940289687,0.2893111018652427
85,0.2893541972833793,0.2890495016616352
86,0.2891034009104566,0.2888014522851297
87,0.28885495311776066,0.2885674009509237
88,0.28859516380722344,0.288315577208761
89,0.28833972707162087,0.2880537515164485
90,0.2880842566509733,0.2878025142145204
91,0.28785114258833316,0.2875702964891024
92,0.2876297763628581,0.287341566024636
93,0.28740470897164316,0.2871304667108483
94,0.28718531737386194,0.2869041797878702
95,0.2869752815117785,0.2866973666657989
96,0.2867553376171829,0.28647027095800415
97,0.28653702429743966,0.28626241381713186
98,0.28632892257993736,0.2860490594577113
99,0.28613327004954664,0.2858460530442153
100,0.2859275282236716,0.28563622728635
101,0.28572325989860453,0.28544935778843467
102,0.28552718559021206,0.2852475078430869
103,0.28533630108529423,0.2850455977818338
104,0.285146741285152,0.284842519235184
105,0.2849548840108241,0.28465197631390227
106,0.2847661082382111,0.28444985754698915
107,0.2845714989501538,0.2842493214721099
108,0.28438447958845275,0.28404277352129625
109,0.28421073104960903,0.2838796139121578
110,0.2840454887082536,0.28370945326467606
111,0.2838676255480919,0.28354629579559526
112,0.28371220745300074,0.2834093885304492
113,0.2835492381076718,0.28324379402125766
114,0.28339115597807235,0.28308020680075147
115,0.2832375313630419,0.2829442454519672
116,0.2830796623263428,0.2827795264805231
117,0.28291825347708405,0.28260832543865383
118,0.28276804488844576,0.2824399383305008
119,0.28261251524832265,0.2822919444858021
120,0.2824638687191268,0.28214426855891556
121,0.2823166217705015,0.2819876463295928
122,0.28216822538046243,0.2818448938511354
123,0.2820192174822075,0.28169369467463945
124,0.28186752477810556,0.2815407575551609
125,0.2817368512148065,0.281405410702143
126,0.2815918450429708,0.2812588705408582
127,0.28145600168907375,0.281110673487024
128,0.28132243885178,0.28098060821459653
129,0.2811946519709002,0.2808492373521181
130,0.2810629402176718,0.2807216621046324
131,0.28094029159249395,0.28060348000591145
132,0.28082460083837596,0.28048889800202026
133,0.2807009162039711,0.2803635520374993
134,0.2805861477238256,0.28025707722628407
135,0.28046679941980945,0.2801391021374939
136,0.28034673461542786,0.2800312875113507
137,0.2802443101197223,0.27994807715392317
138,0.28012672413682915,0.2798287198164202
139,0.28000767333135657,0.2797262518238278
140,0.27989819242347935,0.27963298271671205
141,0.27978280890067936,0.27951396341652285
142,0.27967838672081313,0.27940603516014645
143,0.2795714775296407,0.2792999930052808
144,0.27946434942946863,0.27921212269645235
145,0.2793536581305702,0.2791333187933964
146,0.2792672075273942,0.27906462144418837
147,0.2791681812395251,0.2789729473239135
148,0.27906696628669037,0.27889618488632556
149,0.2789662444172598,0.2787972240600162
150,0.2788750960395459,0.2787201463489818
151,0.2787783220860715,0.2786206040087723
152,0.2786923022364289,0.278529384859464
153,0.2785986498016493,0.27843794583655607
154,0.2784992528828371,0.27833976742245986
155,0.27840627307548665,0.27825318208900063
156,0.2783141070202013,0.27816190400583257
157,0.27822103116326946,0.2780690568693565
158,0.27813270815036806,0.27799682607034976
159,0.27803460270377167,0.277881874271528
160,0.277952108387126,0.27780236295045185
161,0.2778607880619304,0.2777124134709167
162,0.27777507381070077,0.2776529205603937
163,0.27768734977810494,0.27757994216604037
164,0.27760009087685,0.27750775126884974
165,0.27751903655443194,0.27742751787735737
166,0.2774399050001863,0.2773508606217957
167,0.27735862058136446,0.2772731177947489
168,0.27728664286317556,0.2772189471579678
169,0.2772135564074637,0.2771523901109274
170,0.277143435772777,0.2770948439927658
171,0.2770663995560025,0.27702057969866
172,0.2769897144605663,0.27695490555730823
173,0.27692330155278433,0.2768992141326953
174,0.2768485572652078,0.2768644522708376
175,0.27678496651939866,0.2768209129137052
176,0.27670897847698916,0.27675660054455714
177,0.27663122776174126,0.27669647327196095
178,0.27656199357625455,0.27665456796848925
179,0.27650051227310746,0.2766020586144393
180,0.2764413651978193,0.27654992549955126
181,0.2763769479020048,0.2764816031345766
182,0.2763111384317833,0.27641057530327273
183,0.27625373917932877,0.27635360708662565
184,0.2761882236303378,0.27628762552168884
185,0.27611875675224884,0.276227591702138
186,0.2760563124396006,0.27616918861022427
187,0.27599096721399563,0.2761175620133123
188,0.27593326992585293,0.27607475928535397
189,0.2758761021042869,0.276046177048781
190,0.2758142032951283,0.2759922056671009
191,0.2757615027020199,0.2759556092219447
192,0.27570585220997235,0.27591567079213625
193,0.2756473196336538,0.27585635947057036
194,0.2755903111199838,0.2757996508634195
195,0.27552366830738245,0.27575659819153836
196,0.2754647450644453,0.2757276177238288
197,0.2754031208532246,0.2756762567638497
198,0.2753435737072924,0.27563226558850396
199,0.2752914632413891,0.2755954745652333
200,0.27523817382879107,0.2755536006189155
201,0.2751837488011969,0.27551821042780494
202,0.2751260423409894,0.27546618063581385
203,0.275063739207025,0.2754232425387409
204,0.275018293893092,0.27538496505867366
205,0.2749707583297176,0.27533976128166726
206,0.27491481728455425,0.2753138212660961
207,0.27486523609177543,0.27528224713239186
208,0.2748159527807767,0.27523828632795694
209,0.2747591742791074,0.2752112450873706
210,0.2747111025179579,0.27516567438468276
211,0.27466503942833287,0.27513006780935767
212,0.2746090120153859,0.2750930870244505
213,0.2745577079505439,0.2750389509418211
214,0.2745187742934063,0.2750146955754617
215,0.27446976631994535,0.27497059100449905
216,0.2744201529945068,0.27493336251236744
217,0.2743755808344836,0.27490140187878437
218,0.2743279895608428,0.2748555469596004
219,0.2742839334392641,0.2748319420928191
220,0.2742423329464383,0.27480456354660016
221,0.27418974350664266,0.2747686050867708
222,0.27414287502540396,0.27474297264165054
223,0.2741023486097923,0.2747188747376345
224,0.27405996687830486,0.2746839148564909
225,0.2740094625142128,0.27465885529492107
226,0.27396463590509446,0.27464468410642345
227,0.27392116618353174,0.2746153916887444
228,0.27387570533290134,0.2745774262990104
229,0.2738412970050859,0.27454908597961464
230,0.2737994442455881,0.2745084133199231
231,0.2737652233540729,0.27448290545735127
232,0.27372580579523836,0.2744535863502387
233,0.2736889757108072,0.27442830683136743
234,0.27365008602619206,0.27439577525589504
235,0.2736120741223287,0.27437363351009025
236,0.27357609838863495,0.2743423061725438
237,0.2735339283499209,0.2743173075928112
238,0.27349644071817564,0.27428759217476534
239,0.2734593346610948,0.27426730325164717
240,0.2734160701064889,0.2742409652934482
241,0.27337516142330237,0.27420200031287967
242,0.2733369378084849,0.2741845633388047
243,0.2733071061432038,0.27417653960500726
244,0.27326900316001806,0.27414162030619266
245,0.27323485431566713,0.2741309621839058
246,0.2732010560427311,0.27411372068618606
247,0.27316272818919096,0.2740791268809278
248,0.27312401318849294,0.2740618019799659
249,0.273085266344658,0.27403804623880607
250,0.27304615769016044,0.27402093429072144
251,0.273011060548822,0.2739929616802972
252,0.2729720141117882,0.2739619125727676
253,0.2729401847572084,0.27394030062893077
254,0.27291016672583407,0.27392569616196577
255,0.2728731639540062,0.2739081662551402
256,0.27283763595657895,0.2738857454281304
257,0.2728072635795864,0.27385843691362544
258,0.2727708385161104,0.27384051724539216
259,0.2727392533831849,0.2738246888282534
260,0.2726976491347483,0.2738108656534374
261,0.2726647508759929,0.2737863110795883
262,0.27262802922329704,0.2737641260707655
263,0.27259547276622986,0.27374190808683313
264,0.27256283373029705,0.27372878624163544
265,0.27252981047212477,0.27371326475015817
266,0.27249567271609576,0.27369858293372795
267,0.27246125328343246,0.2736814454570475
268,0.2724272546047433,0.2736582017312529
269,0.2724013982568836,0.2736385533075402
270,0.2723707937518518,0.27362485224473515
271,0.27233995107770076,0.27361574863886706
272,0.27231216308791373,0.2736009612449946
273,0.27227302680200355,0.27358249115919675
274,0.2722422559593781,0.2735756556808579
275,0.27221156316044176,0.27356777828969375
276,0.27218075266379077,0.2735547319710536
277,0.27214459443591094,0.27353902784679607
278,0.2721151366866315,0.2735101932575461
279,0.27208131754671094,0.2735000452767508
280,0.27204791001052087,0.27347274978701025
281,0.27201992495239957,0.27344507370527826
282,0.2719903111771504,0.27343826989322917
283,0.27196037234356985,0.2734127289738856
284,0.27192660058905677,0.2734148083755802
285,0.2718931424916907,0.27338803005174556
286,0.27186146454642907,0.2733849695803788
287,0.2718316782097932,0.2733831791728453
288,0.2718045787430363,0.27339238024670864
289,0.27177995216397993,0.2733854932344316
290,0.2717544141050178,0.27338146864849744
291,0.27172318821667096,0.27335754082384645
292,0.2716931236667747,0.2733325937515536
293,0.2716723796061395,0.27332487345353074
294,0.2716431286189055,0.273314036283234
295,0.2716088691489277,0.27329282543212685
296,0.2715807724234668,0.2732821903172464
297,0.2715483761319078,0.2732743243372223
298,0.2715205153402177,0.2732728308404168
299,0.27148883146227454,0.27324031580824715
300,0.27146288454019585,0.2732372386264874
301,0.2714314058204263,0.2732212867672788
302,0.27140591499482725,0.2732089985330811
303,0.2713820698877473,0.273198248247471
304,0.2713530313726162,0.2731944013096738
305,0.2713213281841114,0.2731809424288269
306,0.271293871721555,0.27317746104318175
307,0.2712701056230796,0.2731712548859864
308,0.27124314104963837,0.27316867291216107
309,0.2712194947714011,0.27316077812305817
310,0.27119689153435667,0.2731578054775122
311,0.27117607849560893,0.2731448258949876
312,0.27114706738491756,0.2731313308949314
313,0.27111999054264746,0.273129386984725
314,0.27109416329765884,0.27312191635589816
315,0.27106769200771946,0.27311611714666356
316,0.27104095536547435,0.27308916288415114
317,0.27100783308505555,0.27306351238853427
318,0.2709767970230903,0.273047619413767
319,0.2709524973647544,0.2730406598406216
320,0.2709282216814777,0.2730459286607123
321,0.27089998640108603,0.27303157018248847
322,0.27087597041160566,0.27301976097984043
323,0.27085235319067713,0.2730113686386879
324,0.27082780965871245,0.2730068992658141
325,0.2708029969521462,0.27300180541609714
326,0.27077310859335935,0.27297908113116076
327,0.2707504026996804,0.2729785033491074
328,0.27072409273926695,0.272963421709566
329,0.27070066608890453,0.2729545532824625
330,0.27067580919477785,0.2729460224852212
331,0.2706461649298633,0.27293219519707296
332,0.27062177674613624,0.27290861864901156
333,0.27059499011316585,0.27290067682674807
334,0.2705708784254799,0.27288702562320494
335,0.2705415143591697,0.2728838613832946
336,0.2705127811706771,0.27288579531528423
337,0.2704835080653319,0.2728851033173042
338,0.27045495635428846,0.27286773511182527
339,0.2704323409974222,0.2728618873424778
340,0.27041375645834326,0.27285744565168096
341,0.27038834714052995,0.2728528222706909
342,0.2703705214478353,0.27284707204227493
343,0.27034858085607555,0.27283972902563164
344,0.27032281092289184,0.27282458572522833
345,0.2702966122191482,0.2728234399245933
346,0.27027253625368386,0.2728028405513643
347,0.2702527807082535,0.27279540529557417
348,0.27023031579693246,0.27279042477096144
349,0.2702097800508973,0.2727855948325497
350,0.27018639845001335,0.2727870077020172
351,0.2701668198333491,0.2727893565090451
352,0.27014324650734384,0.272790282648455
353,0.27012339942185526,0.2727916540113112
354,0.27010438379240503,0.27277780117391326
355,0.27008305685573303,0.27276306751002954
356,0.27006278877620293,0.2727460639632532
357,0.2700417781918753,0.27272861515995256
358,0.27001836885809727,0.2727089509672809
359,0.26999141087004935,0.2726989953697752
360,0.2699684281671443,0.272682957329778
361,0.2699425810747307,0.272684113444772
362,0.26991898204381454,0.2726700096165722
363,0.2698968105341612,0.2726682515132072
364,0.2698781951867249,0.2726684633704237
365,0.2698534749297988,0.27267419320325964
366,0.2698311161775058,0.2726766930311093
367,0.26980830290261304,0.27266824241116083
368,0.2697868318380978,0.2726780827948957
369,0.2697622810195084,0.27267422629066457
370,0.26973804042227634,0.2726571945032131
371,0.26971488457872206,0.2726552190597848
372,0.2696945669130887,0.27265463179852545
373,0.26966668383914,0.2726490619265994
374,0.2696460144918039,0.2726456275050921
375,0.26962362419344665,0.27263674874637295
376,0.26960361068006433,0.2726430086082368
377,0.2695877911577466,0.27264298522951025
378,0.26956305396554936,0.27265032005136125
379,0.2695464038453581,0.2726566262710478
380,0.2695208688535469,0.2726529429630848
381,0.2695058699729385,0.2726461425081226
382,0.26948680677976694,0.2726529544539484
383,0.26946636427531806,0.2726485090170395
384,0.2694420923197319,0.2726504875676814
385,0.2694184926924306,0.27265818228988825
386,0.2693938275415695,0.2726468287332329
387,0.26937587978464794,0.2726431081313251
388,0.2693500529619199,0.2726410953439142
389,0.2693288823773386,0.2726603010596852
390,0.26930938646647573,0.2726630887955373
391,0.2692902311784946,0.2726717193956062
392,0.26926915758576403,0.2726640083483295
393,0.2692476879673383,0.27267963658049926
394,0.2692224748277701,0.27265913224450844
395,0.2692004299300703,0.2726662632222186
396,0.269181896867303,0.2726725623562941
397,0.2691572307523204,0.2726819034282061
398,0.269132131178162,0.2726771663384768
399,0.26911605546550493,0.2726805795461388
400,0.26909848170869305,0.27267511431715374
401,0.2690776610124799,0.2726649435550466
402,0.2690539288525881,0.2726578749014922
403,0.2690373632416798,0.27264927726970023
404,0.2690179525261596,0.27264211224324636
405,0.2690031669928137,0.27263732531307394
406,0.26898277159046646,0.2726355531460549
407,0.2689612086095958,0.27263956920008525
408,0.2689379967328918,0.27262359222964044
409,0.2689160998825638,0.27262956250155534
410,0.26889899333003264,0.27263772137193854
411,0.26887606052522117,0.27264463639249703
412,0.2688548484730509,0.2726472106312904
413,0.2688295249205095,0.27264580534816035
414,0.26881489029865296,0.2726470891255878
415,0.2687919271762639,0.2726605775793986
416,0.268767528899942,0.27265642953982827
417,0.26875202693496736,0.2726518299623575
418,0.2687316421442701,0.27264516210921924
419,0.2687103820507202,0.27264912861595597
420,0.26868863679725263,0.27264273893770147
421,0.26866967084558263,0.27264481283430814
422,0.26864923999571405,0.27264769155869284
423,0.2686312958295583,0.27265346853976435
424,0.26860783763861396,0.27264011189316567
425,0.2685874905444851,0.2726463627960799
426,0.268570943031452,0.2726510846269516
427,0.26854853446996235,0.27264354554972065
428,0.2685309928922267,0.2726594408524373
429,0.26851148208257486,0.2726727061151133
430,0.26849072780225675,0.2726695010560698
431,0.26847338353631317,0.2726665735054834
432,0.268455875224678,0.2726696644387219
433,0.26843767735198715,0.27266168974167265
434,0.2684220476176918,0.2726626241859535
435,0.26840369786998153,0.2726619970535271
436,0.26838546897060744,0.2726696967246905
437,0.2683700930393844,0.27267878073327295
438,0.2683502340927355,0.2726829510043592
439,0.268330583580052,0.2726834499230071
440,0.26830893361627906,0.2726843809258142
441,0.2682936859861112,0.272688309359258
442,0.2682745641982963,0.2726972187627724
443,0.2682604063378604,0.2726918297892624
444,0.2682402513570145,0.27269187782495913
445,0.2682259455690031,0.2726902635847189
446,0.26821105322880656,0.2726907904595793
447,0.2681927194164758,0.2726877852271252
448,0.2681769420559846,0.2726934335478715
449,0.2681590493315776,0.2726965607187292
450,0.2681388273359298,0.2726938598256848
451,0.2681209255715834,0.272696459557598
452,0.2681051220299634,0.27270030639869164
453,0.2680895015527181,0.27270323235243743
454,0.2680649480671497,0.2726934228209947
455,0.26804447640373436,0.27270654474837386
456,0.2680228010422605,0.2727143417725856
457,0.26800804917043347,0.2727092642466949
458,0.2679896145606704,0.27269575918285643
459,0.26797220689308066,0.2726993870639448
460,0.2679510347535985,0.27270663125576017
461,0.2679335968187316,0.27270861371535915
462,0.26791718511823465,0.27272002303236403
463,0.26789867700238634,0.2727124996842924
464,0.26788104968238935,0.2727117067274876
465,0.26785975156462155,0.27272081427669076
466,0.26783806343725014,0.2727202023692991
467,0.26782319589263975,0.27272844807333335
468,0.267810709063829,0.272720896460275
469,0.26779968228569095,0.272724739287931
470,0.2677810498948607,0.2727246594728564
471,0.2677619791037065,0.27273385053908644
472,0.2677464881039442,0.2727380591956963
473,0.26772803851407206,0.27274450509600845
474,0.2677063104459026,0.27274045059579394
475,0.2676945295694885,0.27274040134069566
476,0.2676734284994332,0.27273921887848535
477,0.26765658959467814,0.27272757132312764
478,0.26763531513397765,0.2727184696630886
479,0.2676117834021404,0.2727133180551041
480,0.2675975593504608,0.27271165811230674
481,0.26757468820855496,0.2727287772620935
482,0.26754926807156687,0.2727395373073641
483,0.26753161086892746,0.2727402338568556
484,0.2675103853522109,0.2727353638763904
485,0.2674921680198201,0.27274807647515176
486,0.2674715235934115,0.27275821975954834
487,0.26745366014083877,0.2727547007171634
488,0.2674393318530565,0.27275483096127556
489,0.2674217497159414,0.2727576224230322
490,0.26740227545690215,0.27274548015337663
491,0.2673876635349113,0.27274524116521576
492,0.26737031437398945,0.2727600447873489
493,0.26735653304771034,0.27276099609706117
494,0.26733592615358065,0.2727498421814164
495,0.2673217860638556,0.27274767613520606
496,0.2673054131460681,0.2727427432406821
497,0.26728919595205297,0.2727425891387135
498,0.267270196056992,0.27273609294157314
499,0.26725260652714283,0.2727415580883885
500,0.26724027965083297,0.2727484742881159
501,0.26722653634285704,0.27274366182243104
502,0.2672137288061779,0.27275023363893897
503,0.2671969202776852,0.272743733884404
504,0.2671852946013842,0.27275114794770006
505,0.2671670160914278,0.2727459647098187
506,0.26714999445441806,0.27275645444287017
507,0.26713382802223756,0.2727541634852794
508,0.2671126029076062,0.2727655575478966
