mean_fit_time,std_fit_time,mean_score_time,std_score_time,param_model__max_depth,param_model__max_features,param_model__min_samples_leaf,param_model__n_estimators,params,split0_test_score,split1_test_score,split2_test_score,mean_test_score,std_test_score,rank_test_score,model,param_model__colsample_bytree,param_model__learning_rate,param_model__min_child_samples,param_model__num_leaves,param_model__reg_lambda,param_model__subsample
0.7675956885019938,0.16078640002330669,0.08180371920267741,0.002857742258695263,,,,508,"{'model__colsample_bytree': np.float64(0.8238450602706812), 'model__learning_rate': np.float64(0.010011989304553251), 'model__min_child_samples': 22, 'model__n_estimators': 508, 'model__num_leaves': 13, 'model__reg_lambda': np.float64(1.8415478124479583), 'model__subsample': np.float64(0.7669644012595116)}",0.4354825640599914,0.4612295535881067,0.47646162169984835,0.4577245797826488,0.016912212989343697,1,LightGBM,0.8238450602706812,0.010011989304553251,22.0,13.0,1.8415478124479583,0.7669644012595116
1.5449419816335042,0.06366748348864104,0.10086703300476074,0.0026049546815949893,,,,465,"{'model__colsample_bytree': np.float64(0.7252496259847715), 'model__learning_rate': np.float64(0.0103101494629989), 'model__min_child_samples': 108, 'model__n_estimators': 465, 'model__num_leaves': 21, 'model__reg_lambda': np.float64(10.057690178153985), 'model__subsample': np.float64(0.7218455076693483)}",0.43339690117843116,0.4523894984823178,0.47413121862972685,0.45330587276349193,0.016642334790590154,2,LightGBM,0.7252496259847715,0.0103101494629989,108.0,21.0,10.057690178153985,0.7218455076693483
0.49195559819539386,0.15259479767598438,0.05266960461934408,0.0012251802624918743,,,,245,"{'model__colsample_bytree': np.float64(0.5539457134966522), 'model__learning_rate': np.float64(0.010750512925563078), 'model__min_child_samples': 71, 'model__n_estimators': 245, 'model__num_leaves': 11, 'model__reg_lambda': np.float64(17.70729418560416), 'model__subsample': np.float64(0.69971689165955)}",0.43237922892317016,0.45482943909754003,0.47188267385597665,0.4530304472922289,0.016177305482815554,3,LightGBM,0.5539457134966522,0.010750512925563078,71.0,11.0,17.70729418560416,0.69971689165955
1.3664918740590413,0.2283402087061988,0.07962743441263835,0.014467226511158756,,,,310,"{'model__colsample_bytree': np.float64(0.9162213204002109), 'model__learning_rate': np.float64(0.016305687346221478), 'model__min_child_samples': 40, 'model__n_estimators': 310, 'model__num_leaves': 19, 'model__reg_lambda': np.float64(3.274455135371413), 'model__subsample': np.float64(0.6028265220878869)}",0.4319867955167603,0.4507841341367261,0.4716743929803184,0.4514817742112682,0.016209901796177158,4,LightGBM,0.9162213204002109,0.016305687346221478,40.0,19.0,3.274455135371413,0.6028265220878869
1.2068780263264973,0.0787619514345637,0.08321324984232585,0.00043393257032297596,,,,537,"{'model__colsample_bytree': np.float64(0.954660201039391), 'model__learning_rate': np.float64(0.01814596135349025), 'model__min_child_samples': 123, 'model__n_estimators': 537, 'model__num_leaves': 9, 'model__reg_lambda': np.float64(1.1302191284720993), 'model__subsample': np.float64(0.6831766651472755)}",0.42688557855566656,0.4498473561931311,0.4688143615698527,0.44851576543955013,0.01714323115623078,5,LightGBM,0.954660201039391,0.01814596135349025,123.0,9.0,1.1302191284720993,0.6831766651472755
0.48497962951660156,0.014809065037383688,0.08408705393473308,0.0027608404387104934,,,,552,"{'model__colsample_bytree': np.float64(0.5165253664502742), 'model__learning_rate': np.float64(0.022134578078538455), 'model__min_child_samples': 148, 'model__n_estimators': 552, 'model__num_leaves': 9, 'model__reg_lambda': np.float64(2.066280804640938), 'model__subsample': np.float64(0.7791132658292367)}",0.4267676679401403,0.44666782360132634,0.4718056587825965,0.4484137167746877,0.0184280811446532,6,LightGBM,0.5165253664502742,0.022134578078538455,148.0,9.0,2.066280804640938,0.7791132658292367
5.578161239624023,1.3972390740815326,0.24713659286499023,0.03318235049427352,,,,879,"{'model__colsample_bytree': np.float64(0.7838501639099957), 'model__learning_rate': np.float64(0.010747644490645848), 'model__min_child_samples': 165, 'model__n_estimators': 879, 'model__num_leaves': 51, 'model__reg_lambda': np.float64(21.244807336152007), 'model__subsample': np.float64(0.9579309401710595)}",0.4267471520778856,0.4469653044736592,0.47136808784374057,0.4483601814650951,0.01824310351011338,7,LightGBM,0.7838501639099957,0.010747644490645848,165.0,51.0,21.244807336152007,0.9579309401710595
2.186312437057495,0.40224236091812654,0.10104616483052571,0.006652342315082104,,,,654,"{'model__colsample_bytree': np.float64(0.8091930046665436), 'model__learning_rate': np.float64(0.02412470387944659), 'model__min_child_samples': 83, 'model__n_estimators': 654, 'model__num_leaves': 10, 'model__reg_lambda': np.float64(13.49511716041899), 'model__subsample': np.float64(0.8721230154351118)}",0.42594868430467814,0.44409779956949824,0.47464124545850206,0.4482292431108928,0.02009217090032033,8,LightGBM,0.8091930046665436,0.02412470387944659,83.0,10.0,13.49511716041899,0.8721230154351118
2.7193240324656167,0.9102607057875675,0.2070042292277018,0.007632373452595058,,,,848,"{'model__colsample_bytree': np.float64(0.856135294962221), 'model__learning_rate': np.float64(0.014063289918538302), 'model__min_child_samples': 100, 'model__n_estimators': 848, 'model__num_leaves': 56, 'model__reg_lambda': np.float64(26.253890210994125), 'model__subsample': np.float64(0.7644148053272926)}",0.42423750536288457,0.44578867126496974,0.473344909047571,0.44779036189180843,0.02009791611398005,9,LightGBM,0.856135294962221,0.014063289918538302,100.0,56.0,26.253890210994125,0.7644148053272926
2.1921866734822593,0.23387451165501988,0.16715280214945474,0.01029944804877666,,,,813,"{'model__colsample_bytree': np.float64(0.6110539052353652), 'model__learning_rate': np.float64(0.01317848138124919), 'model__min_child_samples': 191, 'model__n_estimators': 813, 'model__num_leaves': 22, 'model__reg_lambda': np.float64(0.26114235575346567), 'model__subsample': np.float64(0.687505687829228)}",0.420968265362062,0.447549851943024,0.4737332903351045,0.44741713588006354,0.021541435657301253,10,LightGBM,0.6110539052353652,0.01317848138124919,191.0,22.0,0.26114235575346567,0.687505687829228
1.7185177008310955,0.30484072935594553,0.12354063987731934,0.0016234400343844819,,,,542,"{'model__colsample_bytree': np.float64(0.8608647605824367), 'model__learning_rate': np.float64(0.01721808786615112), 'model__min_child_samples': 161, 'model__n_estimators': 542, 'model__num_leaves': 22, 'model__reg_lambda': np.float64(1.1457000811140412), 'model__subsample': np.float64(0.610167650697638)}",0.4221610134008983,0.44684087785548054,0.4713631711145929,0.44678835412365725,0.020086731109161315,11,LightGBM,0.8608647605824367,0.01721808786615112,161.0,22.0,1.1457000811140412,0.610167650697638
0.834712823232015,0.18110826422668647,0.0796515941619873,0.0012889059657212234,,,,197,"{'model__colsample_bytree': np.float64(0.9250192888948996), 'model__learning_rate': np.float64(0.028148202981490813), 'model__min_child_samples': 52, 'model__n_estimators': 197, 'model__num_leaves': 62, 'model__reg_lambda': np.float64(0.5893060761114621), 'model__subsample': np.float64(0.7300733288106989)}",0.4226725842961979,0.4409752223613746,0.4675477600273528,0.4437318555616418,0.018423619245886876,12,LightGBM,0.9250192888948996,0.028148202981490813,52.0,62.0,0.5893060761114621,0.7300733288106989
2.0972123940785727,0.1066254206077559,0.14914703369140625,0.011954471919922239,,,,625,"{'model__colsample_bytree': np.float64(0.5115312125207079), 'model__learning_rate': np.float64(0.03347916827555514), 'model__min_child_samples': 189, 'model__n_estimators': 625, 'model__num_leaves': 23, 'model__reg_lambda': np.float64(0.37722705653708744), 'model__subsample': np.float64(0.6362425738131283)}",0.41367186198033207,0.43440271669180186,0.4707747643048322,0.4396164476589887,0.02360187289770318,13,LightGBM,0.5115312125207079,0.03347916827555514,189.0,23.0,0.37722705653708744,0.6362425738131283
2.7100371519724527,1.0827138507649436,0.15466928482055664,0.005759988833412625,,,,622,"{'model__colsample_bytree': np.float64(0.9462794992449889), 'model__learning_rate': np.float64(0.03462120997293593), 'model__min_child_samples': 111, 'model__n_estimators': 622, 'model__num_leaves': 46, 'model__reg_lambda': np.float64(17.632910653614964), 'model__subsample': np.float64(0.7088528997538541)}",0.4121008738023747,0.43213993988379623,0.46738515382700224,0.4372086558377244,0.022852524521761446,14,LightGBM,0.9462794992449889,0.03462120997293593,111.0,46.0,17.632910653614964,0.7088528997538541
2.268141587575277,0.9530877690675928,0.18366543451944986,0.0035725675312475733,,,,797,"{'model__colsample_bytree': np.float64(0.5078182033705969), 'model__learning_rate': np.float64(0.026509496593643846), 'model__min_child_samples': 148, 'model__n_estimators': 797, 'model__num_leaves': 31, 'model__reg_lambda': np.float64(0.10836210381029193), 'model__subsample': np.float64(0.679536961635522)}",0.4122109312975874,0.4259858865460886,0.4677022400901937,0.4352996859779566,0.023592110019692226,15,LightGBM,0.5078182033705969,0.026509496593643846,148.0,31.0,0.10836210381029193,0.679536961635522
1.6257154146830242,0.35926430581913366,0.1296993096669515,0.010882675715620287,,,,813,"{'model__colsample_bytree': np.float64(0.5290418060840998), 'model__learning_rate': np.float64(0.07348118405270448), 'model__min_child_samples': 119, 'model__n_estimators': 813, 'model__num_leaves': 10, 'model__reg_lambda': np.float64(0.11245798259119336), 'model__subsample': np.float64(0.9879639408647978)}",0.40918696246555425,0.42905742801668295,0.4626592721432993,0.4336345542085122,0.02206859818384657,16,LightGBM,0.5290418060840998,0.07348118405270448,119.0,10.0,0.11245798259119336,0.9879639408647978
1.0460196336110432,0.13791170685711054,0.09990668296813965,0.024259871782689773,,,,221,"{'model__colsample_bytree': np.float64(0.6872700594236812), 'model__learning_rate': np.float64(0.08927180304353628), 'model__min_child_samples': 126, 'model__n_estimators': 221, 'model__num_leaves': 28, 'model__reg_lambda': np.float64(0.24348773534554594), 'model__subsample': np.float64(0.662397808134481)}",0.40267086550809206,0.4245641387105635,0.46163300282854025,0.42962266901573193,0.02433550158355865,17,LightGBM,0.6872700594236812,0.08927180304353628,126.0,28.0,0.24348773534554594,0.662397808134481
3.172760009765625,0.6580019842560664,0.2333660125732422,0.017224792059367642,,,,888,"{'model__colsample_bytree': np.float64(0.864803089169032), 'model__learning_rate': np.float64(0.043406770118894), 'model__min_child_samples': 54, 'model__n_estimators': 888, 'model__num_leaves': 44, 'model__reg_lambda': np.float64(25.529874797214198), 'model__subsample': np.float64(0.9395655297064336)}",0.40136403094540085,0.4198396815438875,0.45404649955135606,0.4250834040135481,0.02182480383429951,18,LightGBM,0.864803089169032,0.043406770118894,54.0,44.0,25.529874797214198,0.9395655297064336
5.6353457768758135,0.06660562552217174,0.19701838493347168,0.020363709064532734,,,,604,"{'model__colsample_bytree': np.float64(0.5488360570031919), 'model__learning_rate': np.float64(0.04833180632488466), 'model__min_child_samples': 130, 'model__n_estimators': 604, 'model__num_leaves': 51, 'model__reg_lambda': np.float64(1.6850517723339091), 'model__subsample': np.float64(0.6137554084460873)}",0.4001797056939772,0.41732399135782117,0.45648881345543946,0.42466417016907926,0.023566750206720256,19,LightGBM,0.5488360570031919,0.04833180632488466,130.0,51.0,1.6850517723339091,0.6137554084460873
2.610934257507324,1.0713455231530438,0.18611971537272134,0.005760651322873936,,,,795,"{'model__colsample_bytree': np.float64(0.9402339195076288), 'model__learning_rate': np.float64(0.04210697554959547), 'model__min_child_samples': 81, 'model__n_estimators': 795, 'model__num_leaves': 35, 'model__reg_lambda': np.float64(9.790236510178591), 'model__subsample': np.float64(0.6746280235544143)}",0.3969676403136933,0.4184244248422688,0.4565332836336662,0.42397511626320944,0.024632283660113413,20,LightGBM,0.9402339195076288,0.04210697554959547,81.0,35.0,9.790236510178591,0.6746280235544143
3.316854476928711,0.8993610344711118,0.1959092617034912,0.0056533086847568295,,,,646,"{'model__colsample_bytree': np.float64(0.7790510010086706), 'model__learning_rate': np.float64(0.02534172484077874), 'model__min_child_samples': 81, 'model__n_estimators': 646, 'model__num_leaves': 59, 'model__reg_lambda': np.float64(0.408829233405028), 'model__subsample': np.float64(0.8785217091359153)}",0.40282753834297785,0.41369613047783577,0.45164043057024694,0.42272136646368685,0.02092471864164443,21,LightGBM,0.7790510010086706,0.02534172484077874,81.0,59.0,0.408829233405028,0.8785217091359153
1.8677872021993,0.4054312233351177,0.16413108507792154,0.0065625532147862145,,,,674,"{'model__colsample_bytree': np.float64(0.7051914615178149), 'model__learning_rate': np.float64(0.05695752881519842), 'model__min_child_samples': 55, 'model__n_estimators': 674, 'model__num_leaves': 39, 'model__reg_lambda': np.float64(3.044124256913331), 'model__subsample': np.float64(0.8779139732158818)}",0.3900199891972973,0.4036108078920244,0.4366245350144212,0.4100851107012476,0.019569250885921985,22,LightGBM,0.7051914615178149,0.05695752881519842,55.0,39.0,3.044124256913331,0.8779139732158818
2.9285403887430825,1.3722122355907163,0.2129670778910319,0.009866618804559767,,,,639,"{'model__colsample_bytree': np.float64(0.855670976374325), 'model__learning_rate': np.float64(0.06168442780928038), 'model__min_child_samples': 142, 'model__n_estimators': 639, 'model__num_leaves': 46, 'model__reg_lambda': np.float64(4.1001216119239405), 'model__subsample': np.float64(0.9659838702175123)}",0.38758298690963655,0.4033075590449049,0.43666313861370804,0.40918456152274985,0.020463295456615557,23,LightGBM,0.855670976374325,0.06168442780928038,142.0,46.0,4.1001216119239405,0.9659838702175123
4.317035675048828,0.4804993189930434,0.16694204012552896,0.006824169196360794,,,,874,"{'model__colsample_bytree': np.float64(0.7989499894055425), 'model__learning_rate': np.float64(0.0835361075531176), 'model__min_child_samples': 59, 'model__n_estimators': 874, 'model__num_leaves': 23, 'model__reg_lambda': np.float64(7.099087496484021), 'model__subsample': np.float64(0.815876852955632)}",0.3846051264984839,0.39943178269066987,0.433961762969979,0.40599955738637755,0.02067802600644808,24,LightGBM,0.7989499894055425,0.0835361075531176,59.0,23.0,7.099087496484021,0.815876852955632
4.108832359313965,1.8551248858492204,0.19196263949076334,0.01665788402691123,,,,642,"{'model__colsample_bytree': np.float64(0.7933755828319241), 'model__learning_rate': np.float64(0.09231139356213623), 'model__min_child_samples': 143, 'model__n_estimators': 642, 'model__num_leaves': 48, 'model__reg_lambda': np.float64(0.5418828399005206), 'model__subsample': np.float64(0.6661067756252009)}",0.36620227838820024,0.37649386715303557,0.4251222502234231,0.3892727985882196,0.025695221173527127,25,LightGBM,0.7933755828319241,0.09231139356213623,143.0,48.0,0.5418828399005206,0.6661067756252009
2.7517830530802407,0.14581276725347214,0.2002119223276774,0.04776284775596407,8,0.5120408127066864,8.0,676,"{'model__max_depth': 8, 'model__max_features': np.float64(0.5120408127066864), 'model__min_samples_leaf': 8, 'model__n_estimators': 676}",0.4353178695628682,0.4577618598040606,0.4685837771923504,0.45388783551975975,0.013854270117183477,1,Random forest,,,,,,
1.803580681482951,0.014801707986752557,0.13841835657755533,0.0009099914721617184,8,0.43124990152394965,57.0,539,"{'model__max_depth': 8, 'model__max_features': np.float64(0.43124990152394965), 'model__min_samples_leaf': 57, 'model__n_estimators': 539}",0.4330481527937832,0.455510579647527,0.47155302890404105,0.4533705871151171,0.01579221426517201,2,Random forest,,,,,,
1.8631303310394287,0.07664131305701057,0.14580400784810385,0.00904956167759011,8,0.23384694741626016,34.0,585,"{'model__max_depth': 8, 'model__max_features': np.float64(0.23384694741626016), 'model__min_samples_leaf': 34, 'model__n_estimators': 585}",0.4320827919140113,0.4557197212460339,0.47129418516591165,0.4530322327753189,0.016120386386993826,3,Random forest,,,,,,
1.7143199443817139,0.04154076343027749,0.1214589277903239,0.005214218174435319,,0.4332063738136892,57.0,416,"{'model__max_depth': None, 'model__max_features': np.float64(0.4332063738136892), 'model__min_samples_leaf': 57, 'model__n_estimators': 416}",0.43167256343514426,0.4547343062584414,0.4717967724019536,0.45273454736517976,0.016441559395354004,4,Random forest,,,,,,
2.8248802026112876,0.13139121618305133,0.18505382537841797,0.014375808263669736,8,0.5148538589793428,53.0,674,"{'model__max_depth': 8, 'model__max_features': np.float64(0.5148538589793428), 'model__min_samples_leaf': 53, 'model__n_estimators': 674}",0.43351832735937373,0.4538716907765483,0.46959903810131204,0.4523296854124113,0.014770189737398453,5,Random forest,,,,,,
1.6220478216807048,0.09985802377523163,0.13089561462402344,0.008364107121087634,16,0.4002251666834131,28.0,330,"{'model__max_depth': 16, 'model__max_features': np.float64(0.4002251666834131), 'model__min_samples_leaf': 28, 'model__n_estimators': 330}",0.43205279061371465,0.4519536390390233,0.4699149425448976,0.45130712406587853,0.01546391764555735,6,Random forest,,,,,,
1.6507739226023357,0.05986162643041732,0.1200716495513916,0.0011536913681636162,12,0.43991658302915326,64.0,389,"{'model__max_depth': 12, 'model__max_features': np.float64(0.43991658302915326), 'model__min_samples_leaf': 64, 'model__n_estimators': 389}",0.4317699424709195,0.45206226881039696,0.46985682129024897,0.4512296775238551,0.015560044788654288,7,Random forest,,,,,,
3.0444108645121255,0.2469149465650058,0.17665672302246094,0.009899294170356237,16,0.4369289109053418,12.0,671,"{'model__max_depth': 16, 'model__max_features': np.float64(0.4369289109053418), 'model__min_samples_leaf': 12, 'model__n_estimators': 671}",0.43446803227269765,0.44949452925442207,0.468712479919535,0.4508916804822182,0.014015100720871178,8,Random forest,,,,,,
2.273280620574951,0.02526998839393483,0.12903102238972983,0.007638396982645453,8,0.7368964102565894,18.0,470,"{'model__max_depth': 8, 'model__max_features': np.float64(0.7368964102565894), 'model__min_samples_leaf': 18, 'model__n_estimators': 470}",0.43641699841317305,0.45175758215666484,0.4636755122501682,0.4506166976066687,0.011157444669150387,9,Random forest,,,,,,
1.6671582857767742,0.03561142440327634,0.11843069394429524,0.007722947583924309,16,0.5642205486120109,45.0,356,"{'model__max_depth': 16, 'model__max_features': np.float64(0.5642205486120109), 'model__min_samples_leaf': 45, 'model__n_estimators': 356}",0.43119548518026063,0.45031277475436476,0.46885553993730694,0.4501212666239774,0.015375249322616635,10,Random forest,,,,,,
4.235079924265544,0.4792781962485929,0.1899256706237793,0.017333022811333403,8,0.6711055768358081,55.0,766,"{'model__max_depth': 8, 'model__max_features': np.float64(0.6711055768358081), 'model__min_samples_leaf': 55, 'model__n_estimators': 766}",0.4327462580697429,0.4497975799146971,0.4674897920328003,0.45001121000574673,0.01418479271197109,11,Random forest,,,,,,
1.1139951546986897,0.03820585296801881,0.08845869700113933,0.0038101922212640583,,0.5635759848686068,45.0,227,"{'model__max_depth': None, 'model__max_features': np.float64(0.5635759848686068), 'model__min_samples_leaf': 45, 'model__n_estimators': 227}",0.4307818068369087,0.44989880996752385,0.4691067286890037,0.4499291151644787,0.01564609850294996,12,Random forest,,,,,,
3.450262705485026,0.12231398255529108,0.16610868771870932,0.018517053242507752,12,0.6892768570729004,12.0,618,"{'model__max_depth': 12, 'model__max_features': np.float64(0.6892768570729004), 'model__min_samples_leaf': 12, 'model__n_estimators': 618}",0.43481540286263065,0.4487860224685402,0.4661689147230409,0.44992344668473727,0.012825260929923026,13,Random forest,,,,,,
2.2721590201059976,0.1070064915610299,0.15614970525105795,0.003848825233305584,16,0.5422663846432396,66.0,495,"{'model__max_depth': 16, 'model__max_features': np.float64(0.5422663846432396), 'model__min_samples_leaf': 66, 'model__n_estimators': 495}",0.4315888179849566,0.44875983981173756,0.4680933216091121,0.4494806598019354,0.014911614764006336,14,Random forest,,,,,,
2.014266570409139,0.027266874782526578,0.16777380307515463,0.0039613508215079534,12,0.2991601634378015,75.0,720,"{'model__max_depth': 12, 'model__max_features': np.float64(0.2991601634378015), 'model__min_samples_leaf': 75, 'model__n_estimators': 720}",0.4265801802894761,0.45033058330417614,0.4710499288596762,0.44932023081777617,0.018168750527288797,15,Random forest,,,,,,
2.0708731015523276,0.13919788209649178,0.12177157402038574,0.005936773549118459,12,0.7053708647569992,48.0,361,"{'model__max_depth': 12, 'model__max_features': np.float64(0.7053708647569992), 'model__min_samples_leaf': 48, 'model__n_estimators': 361}",0.43124389247529216,0.44867944766773993,0.4672192067740588,0.44904751563903034,0.01468916642171771,16,Random forest,,,,,,
2.199511686960856,0.04586988898814159,0.14477165540059408,0.015592454437268137,12,0.6779257921161397,19.0,306,"{'model__max_depth': 12, 'model__max_features': np.float64(0.6779257921161397), 'model__min_samples_leaf': 19, 'model__n_estimators': 306}",0.43368435178217035,0.4473931666152019,0.4644324346799486,0.4485033176924403,0.012577373256046775,17,Random forest,,,,,,
2.522963364919027,0.21621657925101295,0.1401362419128418,0.0015252840849695208,,0.6999169470416986,39.0,405,"{'model__max_depth': None, 'model__max_features': np.float64(0.6999169470416986), 'model__min_samples_leaf': 39, 'model__n_estimators': 405}",0.4302098162171325,0.4476730095142757,0.4670419871650396,0.4483082709654826,0.015043378876159101,18,Random forest,,,,,,
2.9310592810312905,0.2694066187385739,0.18768763542175293,0.019381730719499553,16,0.4640914962437608,75.0,627,"{'model__max_depth': 16, 'model__max_features': np.float64(0.4640914962437608), 'model__min_samples_leaf': 75, 'model__n_estimators': 627}",0.4282760363782364,0.44912914143590904,0.4675181898707409,0.4483077892282954,0.01603106603377817,19,Random forest,,,,,,
1.0054759979248047,0.05495564961804498,0.1126093864440918,0.027671213205704284,,0.35526798896001016,8.0,201,"{'model__max_depth': None, 'model__max_features': np.float64(0.35526798896001016), 'model__min_samples_leaf': 8, 'model__n_estimators': 201}",0.4307794204647099,0.44587507432855955,0.4674525506471876,0.4480356818134857,0.015049491417169292,20,Random forest,,,,,,
1.1783806482950847,0.10060971600761946,0.08209824562072754,1.9673024455252296e-05,8,0.769331322352,64.0,213,"{'model__max_depth': 8, 'model__max_features': np.float64(0.769331322352), 'model__min_samples_leaf': 64, 'model__n_estimators': 213}",0.43367897044525583,0.4445177946276125,0.46487136668233286,0.4476893772517337,0.012930212630603444,21,Random forest,,,,,,
5.261617024739583,0.3517027601506506,0.21228758494059244,0.018500700975440366,16,0.7953269355747306,37.0,659,"{'model__max_depth': 16, 'model__max_features': np.float64(0.7953269355747306), 'model__min_samples_leaf': 37, 'model__n_estimators': 659}",0.43046122473534965,0.44629418327691955,0.4654317261927045,0.44739571140165796,0.014297879008251697,22,Random forest,,,,,,
3.6069060961405435,0.07722815865506692,0.21776787439982095,0.0047132727087765254,16,0.5591950905182219,79.0,658,"{'model__max_depth': 16, 'model__max_features': np.float64(0.5591950905182219), 'model__min_samples_leaf': 79, 'model__n_estimators': 658}",0.42748878227638193,0.44776220108191195,0.4662751102991133,0.44717536455246903,0.01583988832464727,23,Random forest,,,,,,
1.8203078111012776,0.09031726836612823,0.13855799039204916,0.026737162468738047,12,0.6081845231526678,77.0,366,"{'model__max_depth': 12, 'model__max_features': np.float64(0.6081845231526678), 'model__min_samples_leaf': 77, 'model__n_estimators': 366}",0.42901004675654064,0.44539184699025847,0.46507381820730426,0.4464919039847011,0.014743506974405034,24,Random forest,,,,,,
4.424480279286702,0.30028082570851644,0.21751276652018228,0.0245807268909788,16,0.5554487413172255,7.0,684,"{'model__max_depth': 16, 'model__max_features': np.float64(0.5554487413172255), 'model__min_samples_leaf': 7, 'model__n_estimators': 684}",0.42990242418028524,0.44366130409093074,0.4626168329633295,0.44539352041151514,0.013411650794290892,25,Random forest,,,,,,
